ID,SMILES,*r_avg_IC50,*f_avg_IC50,NMR_std_ratio,acrylamide,chloroacetamide,series,frag_id,1,2,3
70,O=C(NCc1cccs1)[C@@H](c1ccccc1)N1Cc2ccccc2C1=O,81.9848509853906,99.5,NA,FALSE,FALSE,Ugi,
71,O=C1CCCN1Cc1cccc(C(=O)N2CCC(C3CCNC3)CC2)c1,99,99.5,NA,FALSE,FALSE,Unknown,
72,Cc1ccc(Nc2ccccc2C(=O)N2CCC(C3CCNC3)CC2)cc1,99,99.5,NA,FALSE,FALSE,Unknown,
73,CS(=O)(=O)Nc1ccc(Cl)cc1C(=O)N1CCC(C2CCNC2)CC1,99,99.5,NA,FALSE,FALSE,Unknown,
74,O=C1CCc2cc(C(=O)N3CCC(C4CCNC4)CC3)ccc2N1,99,99.5,NA,FALSE,FALSE,Unknown,
75,Cc1cc(C(=O)N2CCC(C3CCNC3)CC2)cc(S(=O)(=O)N(C)C)c1C,99,99.5,NA,FALSE,FALSE,Unknown,
76,Cc1c(C(=O)N2CCC(C3CCNC3)CC2)cccc1-c1ccccn1,99,99.5,NA,FALSE,FALSE,Unknown,
77,CCCOc1c(Cl)cc(C(=O)N2CCC(C3CCNC3)CC2)cc1OCC,99,99.5,NA,FALSE,FALSE,Unknown,
79,O=C(c1cccc(N2CCCNC2=O)c1)N1CCC(C2CCNC2)CC1,99,99.5,NA,FALSE,FALSE,Unknown,
80,CN1CCN(c2ccc(F)cc2C(=O)N2CCC(C3CCNC3)CC2)CC1,99,99.5,NA,FALSE,FALSE,Unknown,
81,Cc1cc(C(=O)N2CCC(C3CCNC3)CC2)cc(C)c1OC(F)F,99,99.5,NA,FALSE,FALSE,Unknown,
82,CS(=O)(=O)c1ccccc1C(=O)N1CCC(C2CCNC2)CC1,99,99.5,NA,FALSE,FALSE,Unknown,
83,CCc1ccc(S(C)(=O)=O)cc1C(=O)N1CCC(C2CCNC2)CC1,99,99.5,NA,FALSE,FALSE,Unknown,
84,O=C(c1ccc2[nH]c(C(F)F)nc2c1)N1CCC(C2CCNC2)CC1,99,99.5,NA,FALSE,FALSE,Unknown,
85,O=C(Nc1ccccc1)[C@@H](c1ccccc1)N1Cc2ccccc2C1=O,99.8016702935524,99.5,NA,FALSE,FALSE,Ugi,
86,O=C(Nc1ccc(Cl)cc1)[C@@H](c1ccccc1)N1Cc2ccccc2C1=O,65.0200250558461,99.5,NA,FALSE,FALSE,Ugi,
87,Cc1cccc(NC(=O)[C@@H](c2ccccc2)N2Cc3ccccc3C2=O)n1,99,99.5,NA,FALSE,FALSE,Ugi,
88,O=C(Nc1ccncc1)[C@@H](c1ccccc1)N1Cc2ccccc2C1=O,99,99.5,NA,FALSE,FALSE,Ugi,
89,O=C(Nc1ccc(F)cc1)[C@@H](c1ccccc1)N1Cc2ccccc2C1=O,99,99.5,NA,FALSE,FALSE,Ugi,
90,COCCNC(=O)[C@@H](c1ccccc1)N1Cc2ccccc2C1=O,99,99.5,NA,FALSE,FALSE,Ugi,
92,O=C(NCCc1ccccc1)[C@@H](c1ccccc1)N1Cc2ccccc2C1=O,99,99.5,NA,FALSE,FALSE,Ugi,
93,N#Cc1ccccc1NC(=O)[C@@H](c1ccccc1)N1Cc2ccccc2C1=O,57.8523267173352,99.5,NA,FALSE,FALSE,Ugi,
94,O=C(Nc1cccc(F)c1)[C@@H](c1ccccc1)N1Cc2ccccc2C1=O,59.9176645016122,99.5,NA,FALSE,FALSE,Ugi,
95,O=C(Nc1cccnc1)[C@@H](c1ccccc1)N1Cc2ccccc2C1=O,59.5944471866455,99.5,NA,FALSE,FALSE,Ugi,
96,CNCC1CCCN(C(=O)[C@@H](c2ccccc2)N2Cc3ccccc3C2=O)C1,99,99.5,NA,FALSE,FALSE,Unknown,
97,CN(C)C(=O)C(CNC(=O)[C@@H](c1ccccc1)N1Cc2ccccc2C1=O)c1ccccc1,99,99.5,NA,FALSE,FALSE,Ugi,
111,O=C1NC2(CCOc3ccc(Cl)cc32)C(=O)N1c1cncc2ccccc12,0.364473533359906,1.31599737331982,NA,FALSE,FALSE,3-aminopyridine-like,
112,COc1ccccc1OCCNC(=O)c1cc(=O)cc[nH]1,99,99.5,NA,FALSE,FALSE,Unknown,
113,O=C(c1cc(=O)cc[nH]1)N1CCN(c2cccc(Cl)c2)CC1,58.9293542488995,99.5,NA,FALSE,FALSE,Unknown,
114,O=C(Cc1ccc(Cl)c(Cl)c1)Nc1cncc2ccccc12,0.131608009806636,0.261212789643882,NA,FALSE,FALSE,3-aminopyridine-like,
116,O=C(Nc1cncc2ccc(F)cc12)C1CCOc2ccc(Cl)cc21,0.469243168838424,0.766615617326261,NA,FALSE,FALSE,3-aminopyridine-like,
150,O=C(c1cncc2ccccc12)N1CCN(c2cccc(Cl)c2)CC1,0.833229685585151,1.60457755961468,NA,FALSE,FALSE,Unknown,
152,COc1ccc(Cl)cc1OCCNC(=O)c1cc(=O)[nH]c2cccc(OC)c12,0.190025474921216,0.873922371600277,NA,FALSE,FALSE,quinolones,
153,COc1cccc2[nH]c(=O)cc(C(=O)N3CCN(c4cccc(Cl)c4)CC3)c12,1.84452785598073,4.68428775682128,NA,FALSE,FALSE,quinolones,
155,O=C(Cc1cncc2ccccc12)N1CCOc2ccc(Cl)cc21,3.65576605228134,6.04725234461936,NA,FALSE,FALSE,3-aminopyridine-like,
164,Cc1ccc(N(Cc2cscn2)C(=O)Cc2cncc3ccccc23)cc1,13.6386181800297,8.08866515254016,NA,FALSE,FALSE,3-aminopyridine-like,
166,CCC(=O)Nc1ccc(N(Cc2ccccc2)C(=O)n2nnc3ccccc32)cc1,99,99.5,NA,FALSE,FALSE,Unknown,
167,O=C(Cc1cncc2ccccc12)Nc1cccc(Cl)c1,7.20093069658843,6.47075796400635,NA,FALSE,FALSE,3-aminopyridine-like,
168,O=C(Nc1cncc2ccccc12)C1CCOc2c(O)ccc(Cl)c21,99,99.5,NA,FALSE,FALSE,3-aminopyridine-like,
169,O=C(Nc1c[nH]c(=O)c2ccccc12)C1CCOc2ccc(Cl)cc21,83.7227319714572,99.5,NA,FALSE,FALSE,3-aminopyridine-like,
170,O=C1CC(C(=O)Nc2cncc3ccccc23)c2cc(Br)ccc2N1,1.12199394314129,1.12287772417431,NA,FALSE,FALSE,3-aminopyridine-like,
171,O=C(c1cc(=O)[nH]c2ccccc12)N1CCN(c2cccc(Cl)c2)C(=O)C1,9.61327340379036,15.821231423339,NA,FALSE,FALSE,quinolones,
172,O=C(c1cncc2ccccc12)N1CCN(c2cccc(Cl)c2)C(=O)C1,5.53265669179029,9.18999391075753,NA,FALSE,FALSE,Unknown,
173,Cc1cc(C(F)(F)F)nc2c1c(N)nn2C(=O)C1CCOc2ccc(Cl)cc21,57.7859847477592,99.5,NA,FALSE,FALSE,Unknown,
174,Nc1nn(C(=O)Cc2cccc(Cl)c2)c2cccnc12,99,99.5,NA,FALSE,FALSE,Unknown,
176,Cc1cc(C(F)(F)F)nc2c1c(N)nn2C(=O)Cc1cccc(Cl)c1,99,99.5,NA,FALSE,FALSE,Unknown,
178,Nc1nn(C(=O)Cc2cccc(Cl)c2)c2cc(F)ccc12,99,99.5,NA,FALSE,FALSE,Unknown,
179,Nc1nn(C(=O)C2CCOc3ccc(Cl)cc32)c2ccncc12,95.2435080436778,87.1704808920427,NA,FALSE,FALSE,Unknown,
231,Nc1nn(C(=O)C2CCOc3ccc(Cl)cc32)c2cc(F)ccc12,53.2515909038562,99.5,NA,FALSE,FALSE,Unknown,
232,Nc1nn(C(=O)Cc2cccc(Cl)c2)c2ccc(F)cc12,94.2012158207499,99.5,NA,FALSE,FALSE,Unknown,
235,COc1ccc2c(c1)c(N)nn2C(=O)Cc1cccc(Cl)c1,99,99.5,0,FALSE,FALSE,Unknown,
236,Nc1nn(C(=O)Cc2cccc(Cl)c2)c2ccccc12,99,99.5,NA,FALSE,FALSE,Unknown,
237,Nc1nn(C(=O)Cc2cccc(Cl)c2)c2cccc(F)c12,52.6458561743571,99.5,NA,FALSE,FALSE,Unknown,
238,COc1ccc2c(N)nn(C(=O)Cc3cccc(Cl)c3)c2c1,99,99.5,NA,FALSE,FALSE,Unknown,
240,O=C1CC(Oc2cc(Cl)cc(N(CCC3CCCCC3)C(=O)Nc3cncc4ccccc34)c2)N1,1.57531222114502,0.10465323293339,NA,FALSE,FALSE,3-aminopyridine-like,
241,Cc1nc(CN2C(=O)C(=O)c3cc(Br)ccc32)cs1,18.0242769895913,99.5,132.6726013,FALSE,FALSE,Isatins,
242,CCCCN1C(=O)C(=O)c2cc(Br)cc(C)c21,57.5528135121661,99.5,0,FALSE,FALSE,Isatins,
243,CC(C)CCN1C(=O)C(=O)c2cc(Br)ccc21,24.2785993845437,99.5,59.21804696,FALSE,FALSE,Isatins,
244,CCc1ccc2c(c1)C(=O)C(=O)N2CC(=O)O,99,99.5,0,FALSE,FALSE,Isatins,
245,O=C(O)CN1C(=O)C(=O)c2cc([N+](=O)[O-])ccc21,99,99.5,0,FALSE,FALSE,Isatins,
248,Cc1ccc(N(Cc2cccc(Cl)c2)C(=O)Cn2nnc3ccccc32)cc1,3.3022889726015,2.33427847396582,NA,FALSE,FALSE,3-aminopyridine-like,
249,COc1ccc(N(Cc2cccc(Cl)c2)C(=O)Cn2nnc3ccccc32)cc1,5.65406321457831,1.13776187397317,NA,FALSE,FALSE,3-aminopyridine-like,x12177
250,O=C(Cn1nnc2ccccc21)N(Cc1cccc(Cl)c1)c1ccc(N2CCOCC2)cc1,3.78709723716912,3.70094298650442,NA,FALSE,FALSE,3-aminopyridine-like,
251,O=C(Cn1nnc2ccccc21)N(Cc1cccc(Cl)c1)c1ccc(N2CCCCC2)cc1,6.01954300721099,3.64673511092023,NA,FALSE,FALSE,3-aminopyridine-like,
252,O=C(Cc1cncc2ccccc12)N(CCC1CCCCC1)Cc1cccs1,3.02150920692578,9.8611344907795,NA,FALSE,FALSE,Unknown,
253,CN(C)CCCN(Cc1cccs1)C(=O)Cc1cncc2ccccc12,99,99.5,NA,FALSE,FALSE,Unknown,
254,O=C(Cc1cccc(Cl)c1)Nc1cncc2c1CCC2,4.64891486609542,5.16341400207183,216.8511326,FALSE,FALSE,3-aminopyridine-like,x12000
255,O=C(Nc1cncc2ccccc12)C1COc2c(Cl)cccc21,5.35933483776231,4.7574956193286,NA,FALSE,FALSE,3-aminopyridine-like,
256,O=C(Cc1cccc(Cl)c1)Nc1nnc2ccccn12,93.8621436135832,99.5,158.2788699,FALSE,FALSE,3-aminopyridine-like,x12026
257,COc1ccc2c(NC(=O)Cc3cccc(Cl)c3)noc2c1,99,99.5,0,FALSE,FALSE,3-aminopyridine-like,
258,COc1ccc2n[nH]c(NC(=O)Cc3cccc(Cl)c3)c2c1,99,99.5,0,FALSE,FALSE,3-aminopyridine-like,
259,COc1ccc2c(NC(=O)Cc3cccc(Cl)c3)[nH]nc2c1,52.0493973733507,99.5,NA,FALSE,FALSE,3-aminopyridine-like,
260,Cc1ccn2cnnc2c1NC(=O)Cc1cccc(Cl)c1,83.3781317147818,75.2573815369256,NA,FALSE,FALSE,3-aminopyridine-like,
261,Cc1cc(C(F)(F)F)nc2n[nH]c(NC(=O)Cc3cccc(Cl)c3)c12,81.9779355790229,99.5,NA,FALSE,FALSE,3-aminopyridine-like,
262,Cc1nn(C)c2[nH]nc(NC(=O)Cc3cccc(Cl)c3)c12,99,99.5,NA,FALSE,FALSE,3-aminopyridine-like,
263,O=C(Cc1cccc(Cl)c1)Nc1n[nH]c2ccc(F)cc12,88.5840142651519,99.5,NA,FALSE,FALSE,3-aminopyridine-like,
264,O=C(Cc1cccc(Cl)c1)Nc1[nH]nc2cc(F)ccc12,91.4887190568217,99.5,NA,FALSE,FALSE,3-aminopyridine-like,
265,O=C(Cc1cccc(Cl)c1)Nc1n[nH]c2ccccc12,99,99.5,NA,FALSE,FALSE,3-aminopyridine-like,
266,O=C(Cc1cccc(Cl)c1)Nc1cccc2cn[nH]c12,99,99.5,269.5828316,FALSE,FALSE,3-aminopyridine-like,
267,O=C(Cc1cccc(Cl)c1)Nc1[nH]nc2cccc(F)c12,81.756295431075,99.5,NA,FALSE,FALSE,3-aminopyridine-like,
268,O=C(Cc1cccc(Cl)c1)Nc1[nH]nc2cccnc12,99,99.5,NA,FALSE,FALSE,3-aminopyridine-like,
269,O=C(Cc1cccc(Cl)c1)Nc1n[nH]c2ccnc(Br)c12,99,99.5,0,FALSE,FALSE,3-aminopyridine-like,
270,O=C(Cc1cccc(Cl)c1)Nc1n[nH]c2ccncc12,99,99.5,99.67208763,FALSE,FALSE,3-aminopyridine-like,
272,O=C(Nc1[nH]nc2cccc(F)c12)C1CCOc2ccc(Cl)cc21,99,99.5,NA,FALSE,FALSE,3-aminopyridine-like,
273,O=C(Nc1[nH]nc2ccccc12)C1CCOc2ccc(Cl)cc21,99,99.5,NA,FALSE,FALSE,3-aminopyridine-like,
274,O=C(Nc1[nH]nc2cccnc12)C1CCOc2ccc(Cl)cc21,99,99.5,NA,FALSE,FALSE,3-aminopyridine-like,
277,COc1ccc2c(NC(=O)C3CCOc4ccc(Cl)cc43)noc2c1,53.4126868300955,61.502193910527,NA,FALSE,FALSE,3-aminopyridine-like,
278,Cc1ccn2cnnc2c1NC(=O)C1CCOc2ccc(Cl)cc21,99,99.5,NA,FALSE,FALSE,3-aminopyridine-like,x12136
279,COc1ccc2c(NC(=O)C3CCOc4ccc(Cl)cc43)[nH]nc2c1,99,99.5,NA,FALSE,FALSE,3-aminopyridine-like,
280,O=C(Nc1cccc2cn[nH]c12)C1CCOc2ccc(Cl)cc21,99,99.5,NA,FALSE,FALSE,3-aminopyridine-like,
281,O=C(Nc1n[nH]c2ccnc(Br)c12)C1CCOc2ccc(Cl)cc21,74.1728477002879,99.5,NA,FALSE,FALSE,3-aminopyridine-like,
284,O=C(Nc1cc[nH]c(=O)c1)C1CCOc2ccc(Cl)cc21,99,99.5,NA,FALSE,FALSE,3-aminopyridine-like,
287,Cn1cc(CN(C(=O)Cn2nnc3ccccc32)c2ccc(N3CCCCC3)cc2)cn1,99,99.5,127.1145887,FALSE,FALSE,3-aminopyridine-like,
288,O=C(Cc1cc(Cl)cc(CC2CC(=O)N2)c1)Nc1cncc2ccccc12,4.42081986336331,4.56705471277886,NA,FALSE,FALSE,3-aminopyridine-like,
289,C[C@@H]1C[C@H](C(=O)Nc2cncc3ccccc23)c2cc(Cl)ccc2O1,2.6550653352339,0.679289733897792,NA,FALSE,FALSE,3-aminopyridine-like,
290,C[C@H]1C[C@H](C(=O)Nc2cncc3ccccc23)c2cc(Cl)ccc2O1,99,52.0706138640358,NA,FALSE,FALSE,3-aminopyridine-like,
291,C[C@H]1COc2ccc(Cl)cc2[C@H]1C(=O)Nc1cncc2ccccc12,79.5696593953718,99.5,170.5283008,FALSE,FALSE,3-aminopyridine-like,
292,C[C@@H]1COc2ccc(Cl)cc2[C@H]1C(=O)Nc1cncc2ccccc12,35.1263570604639,99.5,83.82973785,FALSE,FALSE,3-aminopyridine-like,
293,C[C@@H]1COc2ccc(Cl)cc2[C@@H]1C(=O)Nc1cncc2ccccc12,1.82970930704949,1.71348824265682,111.5128736,FALSE,FALSE,3-aminopyridine-like,x12073
294,O=C(NC1N=Nc2ccccc21)C1CCOc2ccc(Cl)cc21,99,99.5,NA,,,3-aminopyridine-like,
295,COc1ccccc1OCCNC(=O)c1cncc2ccccc12,5.78067892421072,3.24130452816033,91.34347183,FALSE,FALSE,Unknown,x11813
296,COc1ccccc1OCCC(=O)Nc1cncc2ccccc12,85.41109109827,96.4820045672596,0,FALSE,FALSE,Unknown,
297,COc1ccccc1NCCNC(=O)c1cc(=O)[nH]c2ccccc12,99,99.5,NA,FALSE,FALSE,quinolones,
298,O=C(c1cncc2ccccc12)N1CCN(c2ccccc2)CC1,7.25369628860307,5.44560364628271,88.85001141,FALSE,FALSE,Unknown,x11812
299,O=C(c1cc(=O)[nH]c2ccccc12)N1CCN(c2cccc(Cl)c2)CC1,2.18951627736414,2.16405915669962,99.07503809,FALSE,FALSE,quinolones,
300,O=C(c1cc(=O)[nH]c2ccccc12)N1CCN(c2cccc(C(F)(F)F)c2)CC1,5.64647491316649,3.7997194894517,82.89438961,FALSE,FALSE,quinolones,x11616
301,COc1ccccc1OC1CCN(C(=O)c2cc(=O)[nH]c3ccccc23)C1,99,99.5,0,FALSE,FALSE,quinolones,
302,COc1ccccc1NC1CN(C(=O)c2cc(=O)[nH]c3ccccc23)C1,99,99.5,97.95835752,FALSE,FALSE,quinolones,x12025
303,COc1ccccc1OC1CN(C(=O)c2cc(=O)[nH]c3ccccc23)C1,99,99.5,82.81528228,FALSE,FALSE,quinolones,x12064
307,O=C(Cc1cncc2ccccc12)N(CCC1CCCCC1)c1cccc(Cl)c1,1.02108749221712,2.11245923161491,NA,FALSE,FALSE,3-aminopyridine-like,
309,O=C(Cc1cc(Cl)ccn1)Nc1cncc2ccccc12,11.3806891066097,3.39726824812966,163.3046529,FALSE,FALSE,3-aminopyridine-like,x11810
310,O=C(Cc1cc(Cl)cc(Cc2ccn[nH]2)c1)Nc1cncc2ccccc12,9.39101340194937,5.0407871491875,NA,FALSE,FALSE,3-aminopyridine-like,
311,C[C@]1(C(=O)Nc2cncc3ccccc23)CCOc2ccc(Cl)cc21,23.9762260413896,19.4982866141812,NA,FALSE,FALSE,3-aminopyridine-like,
313,O=C(Cc1cccc(Cl)c1)Nc1cncc2c1CCCN2,4.03950730516133,7.27197662949492,NA,FALSE,FALSE,3-aminopyridine-like,
316,CN(C)c1ccc(N(Cc2ccsc2)C(=O)Cc2cncc3ccccc23)cc1,0.834210571880253,0.284634014246283,91.00002871,FALSE,FALSE,3-aminopyridine-like,x11790
317,O=C(Nc1cncc2ccccc12)C1CCCc2ccc(Cl)cc21,0.289492916958435,0.323872348281018,0,FALSE,FALSE,3-aminopyridine-like,
318,O=C(Nc1cncc2ccccc12)C1CCNc2ccc(Cl)cc21,0.720403461534071,0.258756865710846,NA,FALSE,FALSE,3-aminopyridine-like,x12171
320,C[C@@H]1C[C@@H](C(=O)Nc2cncc3ccccc23)c2cc(Cl)ccc2O1,0.523710411123616,0.231301767856905,NA,FALSE,FALSE,3-aminopyridine-like,
321,C[C@H]1C[C@@H](C(=O)Nc2cncc3ccccc23)c2cc(Cl)ccc2O1,45.4032725521044,20.0766576250445,NA,FALSE,FALSE,3-aminopyridine-like,
322,COc1cc(Cl)cc2c1OCC[C@H]2C(=O)Nc1cncc2ccccc12,99,99.5,NA,FALSE,FALSE,3-aminopyridine-like,
324,C[C@H]1COc2ccc(Cl)cc2[C@@H]1C(=O)Nc1cncc2ccccc12,0.163838978664385,0.168630133231859,0,FALSE,FALSE,3-aminopyridine-like,
326,C[C@@]1(C(=O)Nc2cncc3ccccc23)CCOc2ccc(Cl)cc21,0.338697424222203,0.283626273282572,NA,FALSE,FALSE,3-aminopyridine-like,x12207
327,O=C(Nc1cncc2ccccc12)C1CCOc2ccc(Br)cc21,1.44280957655627,0.850902886213773,129.9227336,FALSE,FALSE,3-aminopyridine-like,
329,O=C(Cc1cc(Cl)cc2c1OCC2)Nc1cncc2ccccc12,0.491900161130178,1.44887030485255,349.7825061,FALSE,FALSE,3-aminopyridine-like,x11831
330,O=C(Nc1cncc2ccccc12)[C@@H]1CCOc2ccc(Cl)cc21,0.24551638243261,0.189591527375618,269.2664379,FALSE,FALSE,3-aminopyridine-like,x11612
331,O=C(Nc1cncc2ccccc12)[C@H]1CCOc2ccc(Cl)cc21,58.7942997010406,49.8,121.5111553,FALSE,FALSE,3-aminopyridine-like,
332,Cc1ccncc1NC(=O)[C@H]1CCOc2ccc(Cl)cc21,6.37918472226103,4.94627841590604,152.6262341,FALSE,FALSE,3-aminopyridine-like,
333,Cc1ccncc1NC(=O)[C@@H]1CCOc2ccc(Cl)cc21,99,99.5,64.72338001,FALSE,FALSE,3-aminopyridine-like,x11809
335,CC(C)(C)c1ccc(N(C(=O)c2ccco2)[C@H](C(=O)NCCc2cccc(F)c2)c2cccnc2)cc1,0.414393806500753,0.100286852879975,91.96853621,FALSE,FALSE,Ugi,N0050
336,CC(C)(C)c1ccc(N(C(=O)c2ccco2)[C@@H](C(=O)NCCc2cccc(F)c2)c2cccnc2)cc1,14.4674395678281,15.6245734741331,140.5035603,FALSE,FALSE,Ugi,
337,CC(C)(C)c1ccc(N(C(=O)c2c[nH]cn2)C(C(=O)NCCc2cccc(F)c2)c2cccnc2)cc1,1.0495685400918,0.291719378179007,56.89839188,FALSE,FALSE,Ugi,
338,CC(C)(C)c1ccc(N(C(=O)c2ccc(Cl)o2)C(C(=O)NCCc2cccc(F)c2)c2cccnc2)cc1,0.514712537176535,0.314847770015297,0,FALSE,FALSE,Ugi,
339,CC(C)(C)c1ccc(N(C(=O)c2cn[nH]c2)C(C(=O)NCCc2cccc(F)c2)c2cccnc2)cc1,4.8354868722776,5.83005522359895,126.0295659,FALSE,FALSE,Ugi,
342,O=S(=O)(Cc1ccccc1F)c1oc(-c2ccc(F)cc2)nc1S(=O)(=O)c1ccccc1,0.0992117510184258,0.397483464596546,NA,FALSE,FALSE,Unknown,
347,CCOC(=O)c1c(C)n(S(C)(=O)=O)c2ccc(N(C(=O)c3ccco3)S(C)(=O)=O)cc12,0.147204451466279,0.281743663714076,NA,FALSE,FALSE,Unknown,
349,O=C(NCc1ccc2c(c1)OCO2)c1nc(S(=O)(=O)Cc2ccccc2)ncc1Cl,0.509154628209789,1.39702780099354,NA,FALSE,FALSE,Unknown,
350,COC(=O)c1c(C)n(S(C)(=O)=O)c2ccc(N(C(=O)c3ccco3)S(C)(=O)=O)cc12,0.334573607749843,0.934925861095043,NA,FALSE,FALSE,Unknown,
354,O=C(O)[C@@H](c1ccccc1)N1Cc2ccccc2C1=O,1.15658614724692,1.78039855111307,NA,FALSE,FALSE,Unknown,
359,CCOC(=O)c1cc(-c2ccccc2)sc1NC(=O)Cc1csc(-c2ccccc2)n1,2.68928825055437,4.65507654390049,NA,FALSE,FALSE,3-aminopyridine-like,
365,N#Cc1ccc(CN2CCC(C3CCNC3)CC2)cc1,1.36061636247478,2.05849169019131,NA,FALSE,FALSE,Unknown,
385,O=S(=O)(Nc1ccccc1SCc1cccc(Cl)c1F)c1cc(Cl)sc1Cl,1.9190594882535,2.22863699412757,NA,FALSE,FALSE,Unknown,
386,CC(C)(C)c1ccc(-c2nnc(Sc3cnc([N+](=O)[O-])s3)o2)cc1,0.16420786881836,4.16350789851685,NA,FALSE,FALSE,Unknown,
388,O=[N+]([O-])c1cnc(Sc2nnc(-c3ccc(Cl)cc3)o2)s1,0.319066780470385,0.880806677614068,NA,FALSE,FALSE,Unknown,
392,Cc1cc(C)c(C#N)c(Sc2ncnc3c2nnn3Cc2ccccc2)n1,0.255405291533163,0.649330990296828,NA,FALSE,FALSE,Unknown,
393,CCOC(=O)c1ccc(NC(=O)CC2SC(=O)N(c3ccccc3)C2=O)cc1,0.634918726892142,2.39920425917854,NA,FALSE,FALSE,3-aminopyridine-like,
394,Cc1ccccc1NC(=O)CC1SC(=O)N(c2ccccc2)C1=O,0.658113873254842,0.443178538136843,NA,FALSE,FALSE,3-aminopyridine-like,
395,c1ccc(-c2cc(Sc3nnc(-c4cccs4)o3)n3ncnc3n2)cc1,0.152483084612334,0.221232268882523,NA,FALSE,FALSE,Unknown,
397,Cc1noc(COc2cc(Cl)cc(CC(=O)Nc3cnccc3C)c2)n1,24.258437305056,23.9245321229901,347.7548031,FALSE,FALSE,3-aminopyridine-like,x11723
398,Cc1ccncc1NC(=O)Cc1cc(Cl)cc(OCc2nnc(C3CCCCC3)o2)c1,13.3323922112639,20.6463997946966,295.1226836,FALSE,FALSE,3-aminopyridine-like,
400,CCOC(=O)c1c(COc2cc(Cl)cc(CC(=O)Nc3cnccc3C)c2)oc2ccccc12,99,99.5,NA,FALSE,FALSE,3-aminopyridine-like,
404,Cc1ccncc1NC(=O)Cc1cc(Cl)cc(OCc2nn(C(=O)OC(C)(C)C)c3ccccc23)c1,99,99.5,52.67862991,FALSE,FALSE,3-aminopyridine-like,
407,O=C1OC(c2cccs2)=N/C1=C\c1ccc(N2CCOCC2)s1,0.706178521208012,0.695682513663216,NA,FALSE,FALSE,Unknown,
408,CCC(=O)Nc1ccc(N(Cc2ccccc2)C(=O)Nn2nnc3ccccc32)cc1,3.72689140247364,3.58898828085666,NA,FALSE,FALSE,3-aminopyridine-like,
409,COc1ccc(C(Cc2ccsc2)C(=O)Nc2n[nH]c3ccccc23)cc1,99,99.5,45.6428804,FALSE,FALSE,3-aminopyridine-like,
411,Cc1ccc(C(Cc2ccccc2)C(=O)Nc2nnn3ccccc23)cc1,99,99.5,NA,FALSE,FALSE,3-aminopyridine-like,
412,CN(C)c1ccc(C(Cc2ccsc2)C(=O)Nn2cnc3ccccc32)cc1,99,99.5,0,FALSE,FALSE,3-aminopyridine-like,
413,CN(C)c1ccc(C(Cc2ccsc2)C(=O)Nc2nnc3ccccn23)cc1,99,99.5,72.25819508,FALSE,FALSE,3-aminopyridine-like,
414,O=C(Nn1cnc2ccccc21)C(Cc1cccc(Cl)c1)c1ccc(N2CCOCC2)cc1,99,99.5,NA,FALSE,FALSE,3-aminopyridine-like,
415,O=C(Nn1nnc2ccccc21)C(Cc1cccc(Cl)c1)c1ccc(N2CCCCC2=O)cc1,81.8242006260075,50.9204838311659,197.0523702,FALSE,FALSE,3-aminopyridine-like,
416,COc1ccc(C(Cc2cnn(C)c2)C(=O)Nc2c[nH]c3ccccc23)cc1,99,99.5,NA,FALSE,FALSE,3-aminopyridine-like,
417,COc1ccc(N(Cc2ccccc2)C(=O)Cc2c[nH]c3ccccc23)cc1,99,99.5,59.1451194,FALSE,FALSE,3-aminopyridine-like,
420,CC(=O)N1CCN(CC(=O)Nc2cncc3ccccc23)CC1,72.5481524161938,71.6880958870563,134.1778527,FALSE,FALSE,3-aminopyridine-like,x11541
421,COC(=O)C(C(=O)Nc1cnccc1C)c1cccc(Cl)c1,17.0913969381816,23.7122950305224,146.8481866,FALSE,FALSE,3-aminopyridine-like,x11488
422,O=C(Nc1cncc2ccccc12)C1COc2ccc(Cl)cc21,0.509058523942252,0.764138838013884,170.3706498,FALSE,FALSE,3-aminopyridine-like,
423,O=C(Cc1cccc(Cl)c1)Nc1cncc2ccncc12,2.13050080931241,4.2732635771199,231.399102,FALSE,FALSE,3-aminopyridine-like,x11499
424,O=C(Cc1cccc(Cl)c1)Nc1cncc2nc[nH]c12,7.96693326437447,13.260878543169,255.3975034,FALSE,FALSE,3-aminopyridine-like,x11742
425,CN(C)c1ccc(N(Cc2ccccc2)C(=O)Cn2nnc3ccccc32)cc1,1.56501528531884,5.05326533859932,NA,FALSE,FALSE,3-aminopyridine-like,x12419
426,CN(C)c1ccc(N(Cc2cccc(Cl)c2)C(=O)Cn2nnc3ccccc32)cc1,0.39149145875568,0.496758543375736,NA,FALSE,FALSE,3-aminopyridine-like,x12423
427,O=C(Cn1nnc2ccccc21)N(Cc1ccsc1)c1ccc(N2CCCCC2)cc1,6.28758667565775,6.56136227397528,NA,FALSE,FALSE,3-aminopyridine-like,
428,O=C(Cn1nnc2ccccc21)N(Cc1ccsc1)c1ccc(N2CCOCC2)cc1,21.3174444702804,11.6228762710328,NA,FALSE,FALSE,3-aminopyridine-like,
429,O=C(Cn1nnc2ccccc21)N(Cc1ccccc1)c1ccc(N2CCOCC2)cc1,18.167063158319,19.761051641457,NA,FALSE,FALSE,3-aminopyridine-like,
430,Cc1ccncc1NC(=O)Cc1cc(Cl)cc(-c2ccc(C3CC3(F)F)cc2)c1,2.83199981233682,8.4388464044622,NA,FALSE,FALSE,3-aminopyridine-like,
432,COC(=O)c1ccc(-c2cc(Cl)cc(CC(=O)Nc3cnccc3C)c2)c(OC)c1,11.9880261374133,12.7033086203346,257.4641926,FALSE,FALSE,3-aminopyridine-like,
433,CCc1cc(F)ccc1-c1cc(Cl)cc(CC(=O)Nc2cnccc2C)c1,26.0030085902275,31.5625341311681,NA,FALSE,FALSE,3-aminopyridine-like,
434,Cc1ccncc1NC(=O)Cc1cc(Cl)cc(-c2ccc(C3(C)CCO3)cc2)c1,15.2682137300019,8.95275099425365,221.4279091,FALSE,FALSE,3-aminopyridine-like,
435,Cc1ccncc1NC(=O)Cc1cc(Cl)cc(-c2ccc(C)c(F)c2F)c1,56.1804820389735,31.9195200835421,NA,FALSE,FALSE,3-aminopyridine-like,x11564
436,Cc1ccncc1NC(=O)Cc1cc(Cl)cc(-c2cnn(C)c2C(F)F)c1,16.0044171853473,19.2678988431931,207.6709809,FALSE,FALSE,3-aminopyridine-like,
437,Cc1ccncc1NC(=O)Cc1cc(Cl)cc(/C=C(/c2ccccc2)C(F)(F)F)c1,15.3224521348787,22.7683429872964,194.265187,FALSE,FALSE,3-aminopyridine-like,
438,CCOC(=O)c1cc(-c2cc(Cl)cc(CC(=O)Nc3cnccc3C)c2)n[nH]1,99,99.5,NA,FALSE,FALSE,3-aminopyridine-like,
440,Cc1ccncc1NC(=O)Cc1cc(Cl)cc(NC2CCC(F)(F)C2O)c1,25.7053180122178,23.0317714669393,183.8958181,FALSE,FALSE,3-aminopyridine-like,
441,Cc1ccncc1NC(=O)Cc1cc(Cl)cc(NC2CC2C(F)(F)F)c1,19.7246218664881,25.3164231365994,NA,FALSE,FALSE,3-aminopyridine-like,x12321
443,Cc1ccncc1NC(=O)Cc1cc(Cl)cc(NCC(C)(C)C#N)c1,32.8780025006978,36.5317412118329,NA,FALSE,FALSE,3-aminopyridine-like,x12300
444,Cc1cc(C)[n+](C)c(C#N)n1,99,99.5,NA,FALSE,FALSE,Unknown,
445,COc1cc(OC)[n+](C)c(C#N)n1,99,99.5,NA,FALSE,FALSE,Unknown,
446,O=C(COc1cccc(Cl)c1)Nc1cncc2ccccc12,6.0162641495594,11.1724691059171,208.0993805,FALSE,FALSE,Unknown,
447,O=C(CCc1cccc(Cl)c1)Nc1cncc2ccccc12,19.3230329250384,20.7934211073791,216.0821947,FALSE,FALSE,Unknown,
448,Cc1ccncc1NC(=O)CCc1cccc(Cl)c1,99,99.5,152.2275907,FALSE,FALSE,Unknown,x11513
449,Cn1cc(NC(=O)Cc2cccc(Cl)c2)c2ccccc2c1=O,99,99.5,0,FALSE,FALSE,3-aminopyridine-like,
453,C[n+]1ccn(CCCc2cccc(Cl)c2)c1C#N,99,99.5,NA,FALSE,FALSE,Unknown,
455,N#Cc1nccn1CCCc1cccc(Cl)c1,99,99.5,NA,FALSE,FALSE,Unknown,
456,CC(Cn1ccnc1C#N)c1cccc(Cl)c1,99,99.5,NA,FALSE,FALSE,Unknown,
457,CC1(C)OB(c2cnc(C#N)nc2)OC1(C)C,99,99.5,NA,FALSE,FALSE,Unknown,
458,N#Cc1nccc(Cl)n1,99,99.5,NA,FALSE,FALSE,Unknown,
459,N#Cc1ncc(Cl)cn1,99,99.5,NA,FALSE,FALSE,Unknown,
461,Cc1cc(C)nc(C#N)n1,99,99.5,NA,FALSE,FALSE,Unknown,
462,N#Cc1nccn1CCc1cccc(Cl)c1,99,99.5,NA,FALSE,FALSE,Unknown,
463,N#Cc1ncc(Br)cn1,99,99.5,NA,FALSE,FALSE,Unknown,
464,O=C(Cc1cccc(Cl)c1)Nc1cncc2cnccc12,3.70893090095161,7.94165822521731,278.441398,FALSE,FALSE,3-aminopyridine-like,x11542
465,O=C(Cc1cccc(Cl)c1)Nc1cncc2cccnc12,6.21925304679007,7.01875264650223,264.3509472,FALSE,FALSE,3-aminopyridine-like,x11530
466,CC(C)c1ccncc1NC(=O)Cc1cccc(Cl)c1,26.3771424007404,19.5089876933868,262.6559763,FALSE,FALSE,3-aminopyridine-like,
467,CN(C(=O)Cc1cccc(Cl)c1)c1cncc2ccccc12,48.193545284778,34.3682484253434,17.29480589,FALSE,FALSE,3-aminopyridine-like,x11501
468,O=C(Cc1cccc(Cl)c1)Nc1cncc2c(Cl)cccc12,99,99.5,NA,FALSE,FALSE,3-aminopyridine-like,
469,Cc1cc2c(cc1C)C(C(=O)N1CCCCC1c1cn[nH]c1)CO2,99,99.5,0,FALSE,FALSE,Unknown,
471,COc1cccc(Oc2cc(Cl)cc(NC(=O)Cc3cncc4ccccc34)c2)n1,1.00390314010865,3.78368589697231,0,FALSE,FALSE,3-aminopyridine-like,x11642
472,O=C(Cc1cccc(Cl)c1)NC1C(=O)Nc2ccccc21,99,99.5,22.49648484,FALSE,FALSE,Ugi,
473,O=C(Nc1cncc2ccccc12)C1CCOc2ccc(Cl)cc21,0.423959622456685,0.359483298488288,91.33890995,FALSE,FALSE,3-aminopyridine-like,x11498
476,O=C(Cc1cc(Cl)cc(Oc2cccnc2)c1)Nc1cncc2ccccc12,1.47558605118895,1.33689973416716,193.1921336,FALSE,FALSE,3-aminopyridine-like,
478,C=CC(=O)N(Cc1ccccc1Cl)C(C(=O)NC(C)(C)C)c1cccnc1,99,99.5,NA,TRUE,FALSE,Ugi,
479,C=CC(=O)N(Cc1ccccc1Cl)C(C(=O)NC)c1cccnc1,99,99.5,NA,TRUE,FALSE,Ugi,
480,C=CC(=O)N(Cc1ccccc1Cl)C(C(=O)NC(C)(C)C)c1cncc2ccccc12,99,99.5,NA,TRUE,FALSE,Ugi,
481,COc1cc(OC)nc(C#N)n1,99,99.5,NA,FALSE,FALSE,Unknown,
484,O=C(Cc1cccc(Cl)c1)Nc1cncc2ncccc12,57.9270096444696,67.1123602063983,303.559691,FALSE,FALSE,3-aminopyridine-like,x11548
486,CC1(NC(=O)Cc2cccc(Cl)c2)CCNC1=O,99,99.5,12.54507529,FALSE,FALSE,Ugi,
488,Cn1cncc1NC(=O)Cc1cccc(Cl)c1,99,93.8839238811251,161.9575062,FALSE,FALSE,3-aminopyridine-like,x11473
489,O=C(Nc1cncc2ccccc12)N(CCC1CCCCC1)c1cccc(Cl)c1,0.98090679402676,0.260666994694823,0,FALSE,FALSE,3-aminopyridine-like,
490,O=C(Cc1cccc(Cl)c1)Nc1cncc2c1OCCC2,9.85585385180378,11.8845465740254,NA,FALSE,FALSE,3-aminopyridine-like,
492,CCC(=O)Nc1ccc(N(C)C(=O)Cn2nnc3ccccc32)cc1,99,99.5,145.0832292,FALSE,FALSE,3-aminopyridine-like,
493,CN(Cc1cccc(Cl)c1)C(=O)Cn1nnc2ccccc21,99,99.5,149.1940157,FALSE,FALSE,Unknown,x11432
495,O=C1C(c2cccc(Cl)c2)CCCN1c1cncc2ccccc12,0.731634494909759,1.14150135208733,NA,FALSE,FALSE,3-aminopyridine-like,
496,O=C1C(c2cccc(Cl)c2)CCN1c1cncc2ccccc12,0.865708218995716,1.26810244659748,46.43278892,FALSE,FALSE,3-aminopyridine-like,N0066
497,COc1ccc(Cl)cc1CC(=O)Nc1cncc2ccccc12,1.34684352431561,1.20235588644035,155.5652747,FALSE,FALSE,3-aminopyridine-like,x11609
498,O=C(Cc1cc(Cl)cc(OC2CC(=O)N2)c1)Nc1cc(=O)[nH]c2ccccc12,99,83.2810282152651,205.5116883,FALSE,FALSE,3-aminopyridine-like,
499,Cc1ccncc1NC(=O)Cc1cc(Cl)cc(OCc2ncc[nH]2)c1,99,99.5,40.40905602,FALSE,FALSE,3-aminopyridine-like,
501,CC(=O)NCc1cc(Cl)cc(CC(=O)Nc2cnccc2C)c1,55.5209755206289,41.3300365217479,195.3710064,FALSE,FALSE,3-aminopyridine-like,x11801
502,CNC(=O)c1cc(Cl)cc(CC(=O)Nc2cnccc2C)c1,43.8929194412483,51.489236676764,NA,FALSE,FALSE,3-aminopyridine-like,
503,Cc1ccncc1NC(=O)Cc1cc(Cl)cc(-c2ncc[nH]2)c1,99,99.5,NA,FALSE,FALSE,3-aminopyridine-like,
505,Cc1ccncc1NC(=O)Cc1cc(Cl)cc(S(N)(=O)=O)c1,13.0920597103547,14.6132551725431,194.8069664,FALSE,FALSE,3-aminopyridine-like,
526,COc1cccc(C2=N/C(=C/c3sccc3C)C(=O)O2)c1,5.07117256469473,1.17008367822022,NA,FALSE,FALSE,Unknown,
528,O=c1oc(Nc2ccccc2)nc2ccccc12,0.362832409926165,1.56933679127308,NA,FALSE,FALSE,Unknown,
534,O=C(Cc1cccc(Cl)c1)Nc1cnnc2ccccc12,99,99.5,202.3693217,FALSE,FALSE,3-aminopyridine-like,
535,O=C(Cc1cccc(Cl)c1)Nc1ncn2ccccc12,99,99.5,215.3454362,FALSE,FALSE,3-aminopyridine-like,x11493
536,COc1ccc2cncc(NC(=O)Cc3cccc(Cl)c3)c2c1,0.549993865056918,0.897800405241959,122.7303488,FALSE,FALSE,3-aminopyridine-like,
537,O=C(Cc1cccc(Cl)c1)Nc1cnccc1-c1ccccc1,25.1337812588461,40.8917363574677,198.7395844,FALSE,FALSE,3-aminopyridine-like,x11507
538,O=C(Cc1cc(Cl)cc(OC2CC(=O)N2)c1)Nc1cncc2ccccc12,0.157256567141676,0.202959221682447,123.3392485,FALSE,FALSE,3-aminopyridine-like,
543,CNc1ccc(N(C(=O)Cn2nnc3ccccc32)c2cccc(Cl)c2)cc1,10.5596773527493,5.33746386623639,NA,FALSE,FALSE,3-aminopyridine-like,
549,Cc1ccncc1OCCNC(=O)C(C)(C)c1cccc(Cl)c1,99,99.5,29.96854938,FALSE,FALSE,Unknown,
550,Cc1ccncc1NC(=O)C(C(=O)c1cc(=O)[nH]c2ccccc12)c1cccc(Cl)c1,22.8724126543909,15.7999881042112,0,FALSE,FALSE,3-aminopyridine-like,
555,O=C1CC(NC(=O)Cc2cccc(Cl)c2)C(=O)N1,99,99.5,14.82588362,FALSE,FALSE,Ugi,
556,O=C(Cc1cccc(Cl)c1)NC1CCCNC1=O,99,99.5,0,FALSE,FALSE,Ugi,
576,O=C1CC(Oc2cc(Cl)cc(CC(=O)Nn3cnc4ccccc4c3=O)c2)N1,99,99.5,0,FALSE,FALSE,3-aminopyridine-like,
577,O=C1CC(Oc2cc(Cl)cc(CC(=O)Nn3cnc4ccccc43)c2)N1,99,82.1185141893301,34.16426593,FALSE,FALSE,3-aminopyridine-like,
578,COc1cc(Cl)cc(CC(=O)Nc2cnccc2C)c1,43.6028044902446,36.7822826346147,240.4301686,FALSE,FALSE,3-aminopyridine-like,x11271
588,COc1c(Cl)cccc1OCCNC(=O)c1cc(=O)[nH]c2ccccc12,16.5435311000115,6.38861008225905,125.7627803,FALSE,FALSE,quinolones,
590,Cc1ccncc1NC(=O)Cc1cc(Cl)cc(OC2COC2)c1,15.281680336001,15.9533573095944,201.0454389,FALSE,FALSE,3-aminopyridine-like,
592,Cc1ccncc1NC(=O)Cc1cc(Cl)cc(NS(N)(=O)=O)c1,14.4718080952543,11.2565912024338,214.6891367,FALSE,FALSE,3-aminopyridine-like,x11743
598,O=C(Nc1cc(=O)[nH]c2ccccc12)C1CCOc2ccc(Cl)cc21,48.0181836737102,99.5,NA,FALSE,FALSE,3-aminopyridine-like,
599,CN(C)S(=O)(=O)c1cccc(C(=O)Nc2c(-c3ccccc3)nc3sccn23)c1,99,0.974820504615991,0,FALSE,FALSE,Unknown,
600,Cc1c(C(=O)CCl)c2ccccn2c1C(=O)c1ccc(F)cc1,0.706488890689948,0.719126347692144,NA,FALSE,FALSE,Unknown,x11590
601,CSC1=C(C#N)C2(CCCCC2)C(C#N)=C(NC(=O)CCl)N1,1.52251430800769,1.14078610355593,NA,FALSE,TRUE,Unknown,x11579
602,Cc1cc(C(=O)CCl)c(C)n1CC1COc2ccccc2O1,4.15300297004997,2.81797537437076,NA,FALSE,FALSE,Unknown,
603,CCN(c1ccccc1)S(=O)(=O)c1ccc(OC)c(NC(=O)CCl)c1,6.95658919314865,3.22879883713307,NA,FALSE,TRUE,Unknown,
639,O=C(Cc1cccc(Cl)c1)Nc1cncc2ccccc12,1.05671848570431,0.726435004244687,201.4619096,FALSE,FALSE,3-aminopyridine-like,x10959
644,COc1ccc(Cl)cc1N1C(=O)CN(Cc2cc(=O)[nH]c3ccccc23)C1=O,99,99.5,24.5575998,FALSE,FALSE,Unknown,
645,O=C(Cc1cncc2ccccc12)Nc1cc(Cl)cc(OC2CCC(=O)N2)c1,19.3643667628901,38.3737944050524,0,FALSE,FALSE,3-aminopyridine-like,
646,O=C1CC(Oc2cc(Cl)cc(OCCNC(=O)c3cc(=O)[nH]c4ccccc34)c2)N1,1.18013641260052,1.10393292635693,95.01437713,FALSE,FALSE,quinolones,N0029
655,CS(=O)(=O)c1ncc(Cl)c(C(=O)Nc2ccccc2Cc2ccccc2)n1,0.8260412488453,0.503205927885174,0,FALSE,FALSE,Unknown,
656,CCOC(=O)c1nc(S(C)(=O)=O)ncc1Cl,1.03908215531443,1.60098376592204,0,FALSE,FALSE,Unknown,
663,CN(C)c1ccc(N(Cc2ccsc2)C(=O)Cn2nnc3ccccc32)cc1,5.36883150229248,1.79372477414291,197.7977663,FALSE,FALSE,3-aminopyridine-like,x10876
664,O=C(Cc1cccc(Cl)c1)Nc1cn[nH]c1,99,99.5,54.11266818,FALSE,FALSE,3-aminopyridine-like,x11532
674,Cc1cc2c(N)nc(=O)n(CC(=O)Nc3cccc(Cl)c3)c2s1,99,99.5,0,FALSE,FALSE,3-aminopyridine-like,
677,C=CC(=O)N(c1ccc(C(C)(C)C)cc1)C(C(=O)NCCc1cccc(F)c1)c1cncc(C#N)c1,2.46751520366239,7.47776972047852,NA,TRUE,FALSE,Ugi,
680,C=CC(=O)N(c1ccc(C(F)(F)F)cc1)C(C(=O)NCCc1cccc(F)c1)c1cncc(C)c1,7.72056204447932,24.3092059734736,NA,TRUE,FALSE,Ugi,
681,C=CC(=O)N(c1ccc(C(F)(F)F)cc1)C(C(=O)NCCc1cccc(F)c1)c1cncc(C#N)c1,3.01233360874776,11.1257312439675,NA,TRUE,FALSE,Ugi,
688,C=CC(=O)N(c1cc(C(C)(C)C)on1)C(C(=O)NCCc1cccc(F)c1)c1cncc(C#N)c1,10.5514077170512,99.5,NA,TRUE,FALSE,Ugi,
691,Cc1ccc(NC2=C(c3ccccc3)C(=O)N(Cc3cccnc3)C2=O)cc1C,43.5160123663611,99.5,0,FALSE,FALSE,Unknown,
692,Cc1ccc(NC2=C(c3ccccc3)C(=O)N(Cc3cccnc3)C2=O)c(C)c1,54.5942596781277,99.5,NA,FALSE,FALSE,Unknown,
693,Cc1ccc(NC2=C(c3ccccc3)C(=O)N(Cc3cccnc3)C2=O)cc1Cl,32.2434352505567,99.5,0,FALSE,FALSE,Unknown,
694,CC(=O)N(CC(=O)Nc1ccc(F)c(Cl)c1)c1cccc(Cl)c1,99,99.5,27.13689337,FALSE,FALSE,Ugi,
695,CC(=O)N(CC(=O)Nc1ccc(F)c(Cl)c1)c1cccc(C#N)c1,99,99.5,21.91599715,FALSE,FALSE,Ugi,
696,CC(=O)N(CC(=O)Nc1ccc(F)c(Cl)c1)c1cccc(C(F)(F)F)c1,99,99.5,0,FALSE,FALSE,Ugi,
699,Cc1ccc(-n2ncc3c(=O)n(CC(N)=O)cnc32)cc1C,99,99.5,34.19730911,FALSE,FALSE,Unknown,
714,O=C(Oc1cncc(Cl)c1)c1cccc2[nH]ccc12,0.0557257648163924,0.05,130.5290984,FALSE,FALSE,activated-ester,x10812
716,COc1ccc2nnn(CC(=O)N(Cc3ccccn3)c3ccc(C4CCNCC4)cc3)c2c1,32.1897931356548,38.7739102129072,101.7533296,FALSE,FALSE,3-aminopyridine-like,x11757
717,O=C(CN(C(=O)Cn1nnc2ccccc21)c1ccc(-c2ccccc2)cc1)N1CCNCC1,99,99.5,115.1487059,FALSE,FALSE,3-aminopyridine-like,
718,NCc1cn(CC(=O)N(Cc2cscn2)c2ccc(-c3ccccc3)nc2)nn1,99,99.5,0,FALSE,FALSE,3-aminopyridine-like,
720,NCc1cn(CC(=O)N(CC(=O)N2CCNCC2)c2ccc(-c3ccccc3)cc2)nn1,99,99.5,0,FALSE,FALSE,3-aminopyridine-like,
723,NCc1cn(CC(=O)N(Cc2ccsc2)c2ccc(-n3cnnc3)cc2)nn1,99,99.5,0,FALSE,FALSE,3-aminopyridine-like,
727,O=C(Cn1nnc2ccccc21)N(Cc1ccccn1)c1cnc(-c2ccccc2)nc1,99,99.5,0,FALSE,FALSE,3-aminopyridine-like,
728,O=C(Cn1nnc2ccccc21)N(Cc1ccccn1)c1ccc(-n2cnnc2)cc1,99,99.5,130.470179,FALSE,FALSE,3-aminopyridine-like,
734,O=C1N(Cc2cccc(Cl)c2)CCN1c1nccc2[nH]ncc12,2.90761712754533,4.55767419091193,218.3660884,FALSE,FALSE,Unknown,
736,COc1ccccc1OCCNC(=O)c1cc(=O)[nH]c2cccc(C)c12,2.60150346024893,10.6210178459059,75.19401398,FALSE,FALSE,quinolones,x11313
738,COc1ccccc1OCCNC(=O)c1cc(=O)[nH]c2cccc(OC)c12,2.07678774327655,2.02891778482379,78.18698458,FALSE,FALSE,quinolones,x11294
740,N#Cc1cccc(CN2CCN(C(=O)CCl)CC2)c1,12.2462267635219,19.6916117921927,NA,FALSE,TRUE,piperazine-chloroacetamide,
741,O=C(CCl)N1CCN(S(=O)(=O)c2ccsc2)CC1,0.484414563768121,1.63084331612158,NA,FALSE,TRUE,piperazine-chloroacetamide,
830,COc1ccccc1OCC(C)NC(=O)c1cc(=O)[nH]c2ccc(F)cc12,27.4743061057264,16.4413907069583,0,FALSE,FALSE,quinolones,
895,Cc1ccncc1CC(=O)Nc1cccc(Cl)c1,26.3621258020849,29.8595914518367,166.76967023858,FALSE,FALSE,3-aminopyridine-like,x11011
898,Cc1ccncc1N1CCC(c2cccc(Cl)c2)S1(=O)=O,68.244765406743,85.0199239771583,134.5894268,FALSE,FALSE,Unknown,
909,COc1cccc(N2CCN(C(=O)c3cc(=O)[nH]c4ccccc34)CC2)c1,19.6997683579819,7.54962952699048,112.698176212696,FALSE,FALSE,quinolones,
920,Cc1ccncc1NC(=O)CN1CCCCC1,99,99.5,62.31597544,FALSE,FALSE,3-aminopyridine-like,x11428
929,COc1ccc2c(c1)CN(C(=O)CCl)C(c1ccccc1)C2,1.78427249488526,3.73910514181238,NA,FALSE,TRUE,Unknown,
940,Cc1ccncc1NC(=O)N(C)c1cccc(Cl)c1,99,99.5,0,FALSE,FALSE,3-aminopyridine-like,
942,CCCCOc1ccc(Cl)cc1CC(=O)Nc1cnccc1C,15.6858265095757,24.7824039514023,225.6430747,FALSE,FALSE,3-aminopyridine-like,x11562
947,Cc1ccnnc1NC(=O)Cc1cccc(Cl)c1,99,99.5,168.2174313,FALSE,FALSE,3-aminopyridine-like,x11485
949,Cc1cc(N)ncc1NC(=O)Cc1cccc(Cl)c1,99,99.5,106.1576658,FALSE,FALSE,3-aminopyridine-like,
953,COc1cnc(C#N)nc1,99,99.5,NA,FALSE,FALSE,Unknown,
959,O=C(Cc1cccc(Cl)c1)Nn1cnc2ccccc21,4.2651979935473,8.30346802415843,352.1841668,FALSE,FALSE,3-aminopyridine-like,x10466
970,Cc1ccncc1NC(=O)Cc1cc(C#N)cc(OC2CC(=O)N2)c1,8.63062448649481,11.5701415774751,196.5284365,FALSE,FALSE,3-aminopyridine-like,
971,Cc1ccncc1NC(=O)Cc1cc(Cl)cc(OC2CC(=O)N2)c1,0.940748777754165,3.6098563119233,304.016753887219,FALSE,FALSE,3-aminopyridine-like,x10789
972,Cc1ccncc1NC(=O)C(C)c1cc(Cl)cc(OC2CC(=O)N2)c1,88.092330018011,77.1348411851102,NA,FALSE,FALSE,3-aminopyridine-like,x11641
976,O=C(Cc1cccc(Cl)c1)Nc1cnccc1C1CC1,7.39797406776628,7.1736359117104,225.8844099,FALSE,FALSE,3-aminopyridine-like,x11543
987,Cc1ccncc1NC(=O)Cc1cccc(Br)c1,15.9429761516083,20.5939440724842,398.894579076177,FALSE,FALSE,3-aminopyridine-like,x11368
1004,CS(=O)(=O)c1ccc(N2CCNCC2)cc1,83.7760384953159,99.5,0,FALSE,FALSE,Unknown,x2193
1056,C=CC(=O)N(c1ccc(C(C)(C)C)cc1)C(C(=O)NCCc1cccc(F)c1)c1cccnc1,3.35882432607526,2.95839909601009,NA,TRUE,FALSE,Ugi,
1135,C=CC(=O)NCC(=O)N(Cc1ccccc1O)C[C@@H]1CCCO1,99,99.5,NA,TRUE,FALSE,Unknown,
1136,C=CC(=O)NCc1ccccc1S(=O)(=O)NC(C)(C)C,99,99.5,NA,TRUE,FALSE,Unknown,
1137,C=CC(=O)NCc1ccccc1S(=O)(=O)NC,99,99.5,NA,TRUE,FALSE,Unknown,
1138,C=CC(=O)NCC(=O)N(Cc1ccccc1)C[C@@]1(O)CN2CCC1CC2,99,99.5,NA,TRUE,FALSE,Unknown,
1139,C=CC(=O)NCCC(=O)N(Cc1ccccc1)Cc1nc2ccccc2c(=O)[nH]1,99,99.5,NA,TRUE,FALSE,Unknown,
1140,C=CC(=O)N[C@H](Cc1ccccc1)C(=O)NCCN(C)C,99,99.5,NA,TRUE,FALSE,Ugi,
1141,C=CC(=O)Nc1ccc(O)c(C(=O)NC[C@@H](O)c2ccc3ccccc3c2)c1,99,99.5,NA,TRUE,FALSE,Unknown,
1144,O=C(CCl)N1CCN(S(=O)(=O)c2c(F)cccc2F)CC1,2.62321369026417,3.2845112447793,NA,FALSE,TRUE,piperazine-chloroacetamide,
1145,O=C(CCl)N1CCN(S(=O)(=O)c2cccs2)CC1,0.556543843367161,2.16182906157181,NA,FALSE,TRUE,piperazine-chloroacetamide,
1146,O=C(CCl)N1CCN(S(=O)(=O)c2cccc(F)c2)CC1,2.02356071032967,4.55048873816837,NA,FALSE,TRUE,piperazine-chloroacetamide,
1147,O=C(CCl)N1CCN(Cc2cccs2)CC1,3.3163834595747,6.19210917827055,NA,FALSE,TRUE,piperazine-chloroacetamide,
1148,O=C(CCl)N1CCN(Cc2ccsc2)CC1,1.13730220783606,3.49772002955534,NA,FALSE,TRUE,piperazine-chloroacetamide,
1160,CC1CN(Cc2cccc(Cl)c2)CCN1C(=O)CCl,2.07742842875012,7.73331386482561,NA,FALSE,TRUE,piperazine-chloroacetamide,
1162,O=C(CCl)N1CCN(Cc2cccc(Cl)c2)CC1,0.545448360764436,3.13741398194606,NA,FALSE,TRUE,piperazine-chloroacetamide,
1165,O=C(CCl)N1CCN(Cc2cnc(Cc3ccccc3)s2)CC1,34.5706724374047,29.7544228748228,NA,FALSE,TRUE,piperazine-chloroacetamide,
1167,COc1ccc(C2CC(c3ccccc3)=NN2C(=O)CCl)cc1OC,0.42104141211076,0.542597381483123,NA,FALSE,TRUE,Unknown,
1169,COCc1cc(Cl)cc(CN2CCN(C(=O)CCl)CC2)c1,1.30840673569603,4.7737546475135,NA,FALSE,TRUE,piperazine-chloroacetamide,
1170,COCCc1ccc(Cl)cc1CN1CCN(C(=O)CCl)CC1,2.41746354189566,2.20227890245608,0,FALSE,TRUE,piperazine-chloroacetamide,
1208,C=CC(=O)N(c1ccc2ncsc2c1)C(C(=O)Nc1cccc(CC)c1)c1cccnc1,32.0306141190936,59.0215327740357,NA,TRUE,FALSE,Ugi,
1219,COc1ccc(C2CC(c3cccs3)=NN2C(=O)CCl)cc1OC,0.968770334437063,1.87118266616579,NA,FALSE,TRUE,Unknown,
1220,COc1ccccc1OCCNC(=O)c1cc(=O)[nH]c2ccccc12,3.46159502371821,7.23400398630335,NA,FALSE,FALSE,quinolones,x2910
1221,Cc1cc(C)c(C)c(S(=O)(=O)N2CCN(C(=O)c3cc(=O)[nH]c4ccccc34)CC2)c1C,3.75065325893466,8.46159387152077,NA,FALSE,FALSE,quinolones,
1236,C=CC(=O)NCC(=O)N(Cc1ccccc1)C[C@H](O)c1cccs1,99,99.5,NA,TRUE,FALSE,Unknown,
1237,C=CC(=O)NCc1ccc(C(=O)NCc2cc(C)cc3c(C)c(C)[nH]c23)cc1,99,99.5,NA,TRUE,FALSE,Unknown,
1238,C=CC(=O)NCC(=O)N(CCN1CCOCC1)Cc1sccc1Br,99,99.5,NA,TRUE,FALSE,Unknown,
1239,C=CC(=O)NCc1ccc(C(=O)N[C@H](CO)c2ccc(Br)c(F)c2)cc1,99,99.5,NA,TRUE,FALSE,Unknown,
1240,C=CC(=O)Nc1cc(C(=O)NC[C@H](Cc2ccccc2)c2ccccn2)ccc1O,99,99.5,NA,TRUE,FALSE,Unknown,
1245,NS(=O)(=O)CCc1ccccc1CN1CCN(C(=O)CCl)CC1,0.83373139690581,2.71702061388963,NA,FALSE,TRUE,piperazine-chloroacetamide,
1254,O=C(CCl)N1CCC(c2nc(-c3cccnc3)nc3ccccc23)CC1,14.8530214654919,18.1752175723666,NA,FALSE,TRUE,Unknown,
1259,O=C(CCl)N1CCN(C(c2ccccc2)c2ccccc2)CC1,0.385836738298307,1.9753874756434,NA,FALSE,TRUE,piperazine-chloroacetamide,
1266,O=C(CCl)N1CCN(Cc2cc(Cl)ccc2CNC(=O)N2CCOCC2)CC1,5.55170588588082,3.79513106116713,NA,FALSE,TRUE,piperazine-chloroacetamide,
1271,O=C(CCl)N1CCN(Cc2cc(Cl)cc(Cl)c2)CC1,0.475467581525766,1.88943429591092,NA,FALSE,TRUE,piperazine-chloroacetamide,
1272,CS(=O)(=O)N1CCc2ccc(CN3CCN(C(=O)CCl)CC3)cc2C1,38.3992219562017,40.1854334103738,NA,FALSE,TRUE,piperazine-chloroacetamide,
1278,CC(CCc1ccccc1)N1CCN(C(=O)CCl)CC1,13.5830274185255,20.2707244565286,NA,FALSE,TRUE,piperazine-chloroacetamide,
1316,CCNc1ncc(C#N)cc1CN1CCN(C(=O)CCl)CC1,1.63999401739811,3.21638505121816,NA,FALSE,TRUE,piperazine-chloroacetamide,
1317,N#Cc1cc(CN2CCN(C(=O)CCl)CC2)c2ccccc2c1,1.16237439119758,4.60620593726261,NA,FALSE,TRUE,piperazine-chloroacetamide,
1318,COc1cc(CN2CCN(C(=O)CCl)CC2)c2ccccc2c1,1.62073302525785,2.74516472068115,NA,FALSE,TRUE,piperazine-chloroacetamide,
1433,CC(NC(=O)CCl)c1cc(Cl)cc(-c2ccc(S(N)(=O)=O)cc2)c1,0.525617759725225,0.465749846113937,NA,FALSE,TRUE,Unknown,
1435,CC(NC(=O)CCl)c1cc(F)cc(Cl)c1,20.9532527773806,27.9438320218487,NA,FALSE,TRUE,Unknown,
1453,Cc1cc(C)nc(NC2CCN(C(=O)CCl)CC2)n1,19.473886500304,27.5566399208512,NA,FALSE,TRUE,Unknown,
1454,Cc1cc(Cl)cc(CC2CCN(C(=O)CCl)CC2)c1,1.23554350220362,3.57437118025072,NA,FALSE,TRUE,Unknown,
1455,Nc1cccc(C2CN(C(=O)CCl)Cc3ccccc32)c1,11.4146369690188,9.22930345079076,NA,FALSE,TRUE,Unknown,
1456,N#Cc1cccc(C2CN(C(=O)CCl)Cc3ccccc32)c1,1.44102015403721,1.17209011887828,NA,FALSE,TRUE,Unknown,x10678
1457,Cc1cccc(C2CN(C(=O)CCl)Cc3ccccc32)c1,0.419790602184735,2.00412456854575,NA,FALSE,TRUE,Unknown,x10513
1474,CC(C)C[C@@H]1CN(C(=O)CCl)CCN1Cc1cccc(Cl)c1,0.514714765593202,0.784006101017361,NA,FALSE,TRUE,piperazine-chloroacetamide,
1475,O=C(CCl)N1CC2CC1CN2Cc1cccc(Cl)c1,0.655456165251758,2.1668874893559,NA,FALSE,TRUE,piperazine-chloroacetamide,
1477,CC(=O)NCCc1c[nH]c2ccc(O)cc12,99,99.5,NA,FALSE,FALSE,Unknown,
1507,CS(=O)(=O)N1CCN(C(=O)CCl)CC1c1ccccc1,3.30858329458321,10.562354385868,NA,FALSE,TRUE,piperazine-chloroacetamide,
1508,O=C(CCl)Nc1nc2c(S(=O)(=O)NCCc3ccccc3)cccc2s1,8.54762125517709,13.878305297888,NA,FALSE,TRUE,Unknown,x10899
1509,CC(=O)NCCc1c[nH]c2c(CN3CCN(C(=O)CCl)CC3)cccc12,11.5067799814366,17.3608297519836,NA,FALSE,TRUE,piperazine-chloroacetamide,x10506
1511,COc1cc(Cl)cc(OC(=O)Nc2cccnc2)c1,1.51348955319754,6.68442044544629,0,FALSE,FALSE,Unknown,
1523,O=C(Nc1cccnc1)N(CCC1CCCCC1)c1cccc(Cl)c1,3.30035664032594,3.05667196423036,NA,FALSE,FALSE,3-aminopyridine-like,x10236
1536,Cc1c(N)cncc1NC(=O)Cc1cccc(Cl)c1,8.20169805953648,4.22233976382304,233.5104332,FALSE,FALSE,3-aminopyridine-like,x11317
1544,Cc1ccncc1NC(=O)C(C)c1cccc(C#N)c1,45.3119234238456,54.9421036995899,NA,FALSE,FALSE,3-aminopyridine-like,x2912
1566,N#Cc1cccc(NC(=O)Cc2cncc3ccccc23)c1,14.6410907533078,26.6801291780371,NA,FALSE,FALSE,3-aminopyridine-like,
1567,O=C(Cc1cncc2ccccc12)Nc1ccccc1,45.0774692062389,57.4696696866732,NA,FALSE,FALSE,3-aminopyridine-like,x2563